[{"model": "contenttypes.contenttype", "pk": 1, "fields": {"app_label": "admin", "model": "logentry"}}, {"model": "contenttypes.contenttype", "pk": 2, "fields": {"app_label": "auth", "model": "permission"}}, {"model": "contenttypes.contenttype", "pk": 3, "fields": {"app_label": "auth", "model": "group"}}, {"model": "contenttypes.contenttype", "pk": 4, "fields": {"app_label": "auth", "model": "user"}}, {"model": "contenttypes.contenttype", "pk": 5, "fields": {"app_label": "contenttypes", "model": "contenttype"}}, {"model": "contenttypes.contenttype", "pk": 6, "fields": {"app_label": "sessions", "model": "session"}}, {"model": "contenttypes.contenttype", "pk": 7, "fields": {"app_label": "posts", "model": "post"}}, {"model": "contenttypes.contenttype", "pk": 8, "fields": {"app_label": "posts", "model": "comment"}}, {"model": "contenttypes.contenttype", "pk": 9, "fields": {"app_label": "taggit", "model": "tag"}}, {"model": "contenttypes.contenttype", "pk": 10, "fields": {"app_label": "taggit", "model": "taggeditem"}}, {"model": "sessions.session", "pk": "94cr56wf4evxmt65bigbbm6e2fqzozxy", "fields": {"session_data": "ODBlYjQ3MmY1YjZjZDBiMmVlYTNkOGM3MzkzN2NlZWUxMjlmOTZhZTp7Il9hdXRoX3VzZXJfaWQiOiIxIiwiX2F1dGhfdXNlcl9iYWNrZW5kIjoiZGphbmdvLmNvbnRyaWIuYXV0aC5iYWNrZW5kcy5Nb2RlbEJhY2tlbmQiLCJfYXV0aF91c2VyX2hhc2giOiJiYTBkOTQ4NzA5Yzk4MzZjYWQ4MmE0MDk0MzU0YjY5YzM2YTgzMjJkIn0=", "expire_date": "2019-11-07T17:56:30.318Z"}}, {"model": "sessions.session", "pk": "jsg5458616ctfdez7pmstjk78ljdshoc", "fields": {"session_data": "ODBlYjQ3MmY1YjZjZDBiMmVlYTNkOGM3MzkzN2NlZWUxMjlmOTZhZTp7Il9hdXRoX3VzZXJfaWQiOiIxIiwiX2F1dGhfdXNlcl9iYWNrZW5kIjoiZGphbmdvLmNvbnRyaWIuYXV0aC5iYWNrZW5kcy5Nb2RlbEJhY2tlbmQiLCJfYXV0aF91c2VyX2hhc2giOiJiYTBkOTQ4NzA5Yzk4MzZjYWQ4MmE0MDk0MzU0YjY5YzM2YTgzMjJkIn0=", "expire_date": "2019-11-04T13:25:23.395Z"}}, {"model": "sessions.session", "pk": "mmsmxld49f65u760b2lvemws0ewzumnj", "fields": {"session_data": "ODBlYjQ3MmY1YjZjZDBiMmVlYTNkOGM3MzkzN2NlZWUxMjlmOTZhZTp7Il9hdXRoX3VzZXJfaWQiOiIxIiwiX2F1dGhfdXNlcl9iYWNrZW5kIjoiZGphbmdvLmNvbnRyaWIuYXV0aC5iYWNrZW5kcy5Nb2RlbEJhY2tlbmQiLCJfYXV0aF91c2VyX2hhc2giOiJiYTBkOTQ4NzA5Yzk4MzZjYWQ4MmE0MDk0MzU0YjY5YzM2YTgzMjJkIn0=", "expire_date": "2019-11-05T19:20:46.462Z"}}, {"model": "sessions.session", "pk": "mxvk25stzkoaum6kp7fsmihess5prjat", "fields": {"session_data": "ODBlYjQ3MmY1YjZjZDBiMmVlYTNkOGM3MzkzN2NlZWUxMjlmOTZhZTp7Il9hdXRoX3VzZXJfaWQiOiIxIiwiX2F1dGhfdXNlcl9iYWNrZW5kIjoiZGphbmdvLmNvbnRyaWIuYXV0aC5iYWNrZW5kcy5Nb2RlbEJhY2tlbmQiLCJfYXV0aF91c2VyX2hhc2giOiJiYTBkOTQ4NzA5Yzk4MzZjYWQ4MmE0MDk0MzU0YjY5YzM2YTgzMjJkIn0=", "expire_date": "2019-10-24T13:04:46.504Z"}}, {"model": "sessions.session", "pk": "owc9qdp57c7zwepdz7nl1zhapmnp750q", "fields": {"session_data": "NzRhMTE3NWE5NDkwYTJiMWZmNDVkNmEzOGYzNzMyNDM4MDlmNWI5Zjp7Il9hdXRoX3VzZXJfaWQiOiIxIiwiX2F1dGhfdXNlcl9iYWNrZW5kIjoiZGphbmdvLmNvbnRyaWIuYXV0aC5iYWNrZW5kcy5Nb2RlbEJhY2tlbmQiLCJfYXV0aF91c2VyX2hhc2giOiI2NDVhNmQ5MWY0ZjY4MTdiZWY4OTNkZDAwNDU0ZTM2ZTgxNzNmN2E3In0=", "expire_date": "2020-03-17T07:45:30.121Z"}}, {"model": "posts.comment", "pk": 8, "fields": {"post": 16, "author": "Ana", "text": "Wow :D", "publish_date": "2019-10-28T11:19:00.373Z", "active": true}}, {"model": "posts.comment", "pk": 9, "fields": {"post": 16, "author": "Konrad", "text": "This is awesome!", "publish_date": "2019-10-28T14:53:27.419Z", "active": true}}, {"model": "posts.comment", "pk": 10, "fields": {"post": 19, "author": "Marc", "text": "Wow, this is some amazing news!", "publish_date": "2019-10-28T19:28:55.359Z", "active": true}}, {"model": "posts.comment", "pk": 11, "fields": {"post": 19, "author": "Anonymous", "text": "Can't wait for this movie, it's been too long.", "publish_date": "2019-10-28T19:29:24.957Z", "active": true}}, {"model": "posts.comment", "pk": 12, "fields": {"post": 14, "author": "Ana", "text": "Love this movie! :D", "publish_date": "2019-10-28T19:30:26.099Z", "active": true}}, {"model": "posts.comment", "pk": 13, "fields": {"post": 17, "author": "Blazej", "text": "I love playing squash, but the partners are hard to come by.", "publish_date": "2019-10-28T19:33:33.623Z", "active": true}}, {"model": "posts.comment", "pk": 14, "fields": {"post": 17, "author": "Szymon", "text": "This game is way too easy. I lost all motivation when I realised I am winning without much effort.", "publish_date": "2019-10-28T19:35:04.835Z", "active": true}}, {"model": "posts.comment", "pk": 15, "fields": {"post": 17, "author": "Lucas", "text": "I am still struggling to compete with my playmates, but I'm getting there. One day I will beat them...", "publish_date": "2019-10-28T19:36:40.212Z", "active": true}}, {"model": "posts.comment", "pk": 16, "fields": {"post": 16, "author": "kaweusz", "text": "This is looking great", "publish_date": "2019-10-29T11:31:42.330Z", "active": true}}, {"model": "taggit.tag", "pk": 3, "fields": {"name": "music", "slug": "music"}}, {"model": "taggit.tag", "pk": 5, "fields": {"name": "motivation", "slug": "motivation"}}, {"model": "taggit.tag", "pk": 6, "fields": {"name": "python", "slug": "python"}}, {"model": "taggit.tag", "pk": 8, "fields": {"name": "thriller", "slug": "thriller"}}, {"model": "taggit.tag", "pk": 9, "fields": {"name": "books", "slug": "books"}}, {"model": "taggit.tag", "pk": 10, "fields": {"name": "film", "slug": "film"}}, {"model": "taggit.tag", "pk": 11, "fields": {"name": "games", "slug": "games"}}, {"model": "taggit.tag", "pk": 13, "fields": {"name": "sport", "slug": "sport"}}, {"model": "taggit.tag", "pk": 14, "fields": {"name": "celebrity", "slug": "celebrity"}}, {"model": "taggit.tag", "pk": 15, "fields": {"name": "strategy", "slug": "strategy"}}, {"model": "taggit.tag", "pk": 16, "fields": {"name": "action", "slug": "action"}}, {"model": "taggit.taggeditem", "pk": 22, "fields": {"tag": 5, "content_type": 7, "object_id": 12}}, {"model": "taggit.taggeditem", "pk": 23, "fields": {"tag": 6, "content_type": 7, "object_id": 12}}, {"model": "taggit.taggeditem", "pk": 25, "fields": {"tag": 8, "content_type": 7, "object_id": 13}}, {"model": "taggit.taggeditem", "pk": 26, "fields": {"tag": 9, "content_type": 7, "object_id": 13}}, {"model": "taggit.taggeditem", "pk": 27, "fields": {"tag": 8, "content_type": 7, "object_id": 14}}, {"model": "taggit.taggeditem", "pk": 28, "fields": {"tag": 10, "content_type": 7, "object_id": 14}}, {"model": "taggit.taggeditem", "pk": 29, "fields": {"tag": 11, "content_type": 7, "object_id": 15}}, {"model": "taggit.taggeditem", "pk": 31, "fields": {"tag": 11, "content_type": 7, "object_id": 16}}, {"model": "taggit.taggeditem", "pk": 32, "fields": {"tag": 11, "content_type": 7, "object_id": 17}}, {"model": "taggit.taggeditem", "pk": 33, "fields": {"tag": 13, "content_type": 7, "object_id": 17}}, {"model": "taggit.taggeditem", "pk": 34, "fields": {"tag": 13, "content_type": 7, "object_id": 18}}, {"model": "taggit.taggeditem", "pk": 35, "fields": {"tag": 14, "content_type": 7, "object_id": 18}}, {"model": "taggit.taggeditem", "pk": 36, "fields": {"tag": 10, "content_type": 7, "object_id": 19}}, {"model": "taggit.taggeditem", "pk": 37, "fields": {"tag": 14, "content_type": 7, "object_id": 19}}, {"model": "taggit.taggeditem", "pk": 38, "fields": {"tag": 15, "content_type": 7, "object_id": 16}}, {"model": "taggit.taggeditem", "pk": 39, "fields": {"tag": 16, "content_type": 7, "object_id": 19}}, {"model": "taggit.taggeditem", "pk": 40, "fields": {"tag": 16, "content_type": 7, "object_id": 15}}, {"model": "auth.permission", "pk": 1, "fields": {"name": "Can add log entry", "content_type": 1, "codename": "add_logentry"}}, {"model": "auth.permission", "pk": 2, "fields": {"name": "Can change log entry", "content_type": 1, "codename": "change_logentry"}}, {"model": "auth.permission", "pk": 3, "fields": {"name": "Can delete log entry", "content_type": 1, "codename": "delete_logentry"}}, {"model": "auth.permission", "pk": 4, "fields": {"name": "Can view log entry", "content_type": 1, "codename": "view_logentry"}}, {"model": "auth.permission", "pk": 5, "fields": {"name": "Can add permission", "content_type": 2, "codename": "add_permission"}}, {"model": "auth.permission", "pk": 6, "fields": {"name": "Can change permission", "content_type": 2, "codename": "change_permission"}}, {"model": "auth.permission", "pk": 7, "fields": {"name": "Can delete permission", "content_type": 2, "codename": "delete_permission"}}, {"model": "auth.permission", "pk": 8, "fields": {"name": "Can view permission", "content_type": 2, "codename": "view_permission"}}, {"model": "auth.permission", "pk": 9, "fields": {"name": "Can add group", "content_type": 3, "codename": "add_group"}}, {"model": "auth.permission", "pk": 10, "fields": {"name": "Can change group", "content_type": 3, "codename": "change_group"}}, {"model": "auth.permission", "pk": 11, "fields": {"name": "Can delete group", "content_type": 3, "codename": "delete_group"}}, {"model": "auth.permission", "pk": 12, "fields": {"name": "Can view group", "content_type": 3, "codename": "view_group"}}, {"model": "auth.permission", "pk": 13, "fields": {"name": "Can add user", "content_type": 4, "codename": "add_user"}}, {"model": "auth.permission", "pk": 14, "fields": {"name": "Can change user", "content_type": 4, "codename": "change_user"}}, {"model": "auth.permission", "pk": 15, "fields": {"name": "Can delete user", "content_type": 4, "codename": "delete_user"}}, {"model": "auth.permission", "pk": 16, "fields": {"name": "Can view user", "content_type": 4, "codename": "view_user"}}, {"model": "auth.permission", "pk": 17, "fields": {"name": "Can add content type", "content_type": 5, "codename": "add_contenttype"}}, {"model": "auth.permission", "pk": 18, "fields": {"name": "Can change content type", "content_type": 5, "codename": "change_contenttype"}}, {"model": "auth.permission", "pk": 19, "fields": {"name": "Can delete content type", "content_type": 5, "codename": "delete_contenttype"}}, {"model": "auth.permission", "pk": 20, "fields": {"name": "Can view content type", "content_type": 5, "codename": "view_contenttype"}}, {"model": "auth.permission", "pk": 21, "fields": {"name": "Can add session", "content_type": 6, "codename": "add_session"}}, {"model": "auth.permission", "pk": 22, "fields": {"name": "Can change session", "content_type": 6, "codename": "change_session"}}, {"model": "auth.permission", "pk": 23, "fields": {"name": "Can delete session", "content_type": 6, "codename": "delete_session"}}, {"model": "auth.permission", "pk": 24, "fields": {"name": "Can view session", "content_type": 6, "codename": "view_session"}}, {"model": "auth.permission", "pk": 25, "fields": {"name": "Can add post", "content_type": 7, "codename": "add_post"}}, {"model": "auth.permission", "pk": 26, "fields": {"name": "Can change post", "content_type": 7, "codename": "change_post"}}, {"model": "auth.permission", "pk": 27, "fields": {"name": "Can delete post", "content_type": 7, "codename": "delete_post"}}, {"model": "auth.permission", "pk": 28, "fields": {"name": "Can view post", "content_type": 7, "codename": "view_post"}}, {"model": "auth.permission", "pk": 29, "fields": {"name": "Can add comment", "content_type": 8, "codename": "add_comment"}}, {"model": "auth.permission", "pk": 30, "fields": {"name": "Can change comment", "content_type": 8, "codename": "change_comment"}}, {"model": "auth.permission", "pk": 31, "fields": {"name": "Can delete comment", "content_type": 8, "codename": "delete_comment"}}, {"model": "auth.permission", "pk": 32, "fields": {"name": "Can view comment", "content_type": 8, "codename": "view_comment"}}, {"model": "auth.permission", "pk": 33, "fields": {"name": "Can add Tag", "content_type": 9, "codename": "add_tag"}}, {"model": "auth.permission", "pk": 34, "fields": {"name": "Can change Tag", "content_type": 9, "codename": "change_tag"}}, {"model": "auth.permission", "pk": 35, "fields": {"name": "Can delete Tag", "content_type": 9, "codename": "delete_tag"}}, {"model": "auth.permission", "pk": 36, "fields": {"name": "Can view Tag", "content_type": 9, "codename": "view_tag"}}, {"model": "auth.permission", "pk": 37, "fields": {"name": "Can add Tagged Item", "content_type": 10, "codename": "add_taggeditem"}}, {"model": "auth.permission", "pk": 38, "fields": {"name": "Can change Tagged Item", "content_type": 10, "codename": "change_taggeditem"}}, {"model": "auth.permission", "pk": 39, "fields": {"name": "Can delete Tagged Item", "content_type": 10, "codename": "delete_taggeditem"}}, {"model": "auth.permission", "pk": 40, "fields": {"name": "Can view Tagged Item", "content_type": 10, "codename": "view_taggeditem"}}, {"model": "auth.user", "pk": 1, "fields": {"password": "pbkdf2_sha256$150000$quL1ax0b5E5L$HecUQcV7c7WQX8FdbWj1n8dQEYXc6kiOrvvS3fI/pKI=", "last_login": "2020-03-03T07:43:55Z", "is_superuser": true, "username": "testadmin", "first_name": "", "last_name": "", "email": "", "is_staff": true, "is_active": true, "date_joined": "2019-10-10T13:04:17Z", "groups": [], "user_permissions": []}}, {"model": "auth.user", "pk": 2, "fields": {"password": "pbkdf2_sha256$150000$Skmj3SUAEeo2$OOXxDPTuvh1VFZsvAQbl9KxjElb2I/HyCYi0hk1yswo=", "last_login": null, "is_superuser": false, "username": "testuser", "first_name": "", "last_name": "", "email": "", "is_staff": false, "is_active": true, "date_joined": "2019-10-24T21:09:59Z", "groups": [], "user_permissions": []}}, {"model": "posts.post", "pk": 12, "fields": {"title": "Welcome to the Coffee News!", "author": 1, "text": "This is the project I have been working on for a couple of days. I learned a lot during this period. At the end of the day, a journey to become a programmer can be intimidating and thrilling at the same time. Meanwhile, I keep my head straight and I am going right into the mouth of a lion. See you there!", "category": "Self-education", "slug": "welcome-to-the-coffee-news", "publish_date": "2019-10-15T18:32:10Z", "status": "published"}}, {"model": "posts.post", "pk": 13, "fields": {"title": "\"The Firm\" - Review!", "author": 1, "text": "\"Grisham's gripping fiction debut describes the inner workings of a law firm set up by the Mafia to launder money and concoct tax evasions. Mitchell McDeere, third in his class at Harvard Law, is wooed relentlessly by the prestigious Memphis tax firm of Bendini, Lambert and Locke. Succumbing to the firm's high-powered salesmanship, he rejects some of the country's best-known firms to join the group, where he is awed by the opulent lifestyle pressed upon him. But the company has ruthless, underhanded methods of gathering information (they wire the homes of all associates) and ensuring loyalty (social situations are severely monitored).\r\n\r\nThe firm's mania for security and secrecy, combined with the fact that the only lawyers who have ever left did so in coffins--five in 15 years--arouse Mitch and wife Abby's curiosity, and they rapidly find themselves in a labyrinth of intrigue and danger. Grisham, a criminal defense attorney, lucidly describes law office procedures at the highest levels, smoothly meshing them with the criminal events of the narrative.\r\n\r\nMitch and Abby are appealing characters, though a suspension of disbelief may be required to accept their super-cool behavior while they are on the run from both the FBI and the Mafia. Nonetheless, readers will be totally hooked by this unusual and absorbing story. 50,000 first printing; Literary Guild main selection; movie rights to Paramount.\r\n\r\nSource: publishersweekly.com", "category": "Books", "slug": "the-firm-review", "publish_date": "2019-10-17T11:10:16Z", "status": "published"}}, {"model": "posts.post", "pk": 14, "fields": {"title": "\"Interstellar may be drifting a million miles out in the void, but it knows exactly where it's going.\"", "author": 1, "text": "\"At its heart, Nolan's glimmering cosmic ballet is less concerned with space than time; and particularly the way it's experienced by parents, who watch their children grow up and drift away at a speed that seems brutally out of step with the rest of the universe. Nolan and his co-writer and brother Jonathan explore that question here in the most Nolanish way imaginable, with black holes, event horizons, and much metaphysical bungee jumping. (The theoretical physicist Kip Thorne was a script consultant and served as executive producer.) But the aim of Nolan's film isn't to reduce love to a function of quantum physics: it's to set quantum physics and love on an equal footing, as two densely complex, destiny-steering forces his characters learn to surrender to without ever fully fathoming. (...)\"\r\n\r\nSource: telegraph.co.uk", "category": "Film", "slug": "interstellar-may-be-drifting-a-million-miles-out-in-the-void-but-it-knows-exactly-where-its-going", "publish_date": "2019-10-18T15:20:47Z", "status": "published"}}, {"model": "posts.post", "pk": 15, "fields": {"title": "Why Mass Effect 3 is not worth ending", "author": 1, "text": "\"We should have known the conclusion would be trouble. Ending a game like Mass Effect 3 poses a special set of problems, because a central attraction of Western RPGs is that their systems respond to player choice. Mass Effect and its like are the classic case of games that generate stories through collaboration between designer and player. Drawing things to a close, however, requires the hand of the developer to show, often in ways that seem unattractive.</p>\r\n(...)\r\nThe end of Mass Effect 3 disregards the player's choices on both galactic and personal scales. In contrast to the exquisite, if occasionally opaque, ways the player's decisions dictated the outcome of Shepard's suicide mission in Mass Effect 2, Mass Effect 3's finale is essentially a railroad. Provided a player has gathered enough military force, all three possibilities for dealing with the series-long villains, the Reapers, are available. The player can opt to control them, destroy them, or join with them in an organic-AI synthesis of some kind. The choice only determines the primary color and some other minor details of an ensuing cutscene. This denies the player any meaningful feedback about this decision, and the game's refusal to elaborate in any serious way on what happens to the galaxy undercuts the importance of choices made in this and previous ME games.\"\r\n\r\nSource: kotaku.com", "category": "Games", "slug": "why-mass-effect-3-is-not-worth-ending", "publish_date": "2019-10-24T14:23:12Z", "status": "published"}}, {"model": "posts.post", "pk": 16, "fields": {"title": "How to loose all your friends: go to Catan", "author": 2, "text": "\"When Settlers of Catan won the Spiel des Jahres (Germany's Game of the Year) award in 1995, few Americans knew how much fun was in store for them. Today, the game continues to be amazingly popular. The random board, constant player interaction, delicate mix of skill and luck, and quick play time (about 90 minutes) make Settlers of Catan a wonderful family game.\r\n\r\nPlayers compete to build roads, settlements, and cities on the island of Catan. The island is made up of a series of hexagons, which can be placed differently every game. The basic goal is to earn victory points, which you do by expanding your settlement on the island. You need to gather resources (by producing them yourself, or by trading with your opponents) in order to expand.\r\n\r\nTrading with other players is a major focus of the game, creating constant interaction. If you've never tried Settlers of Catan, you're missing a stellar gaming experience. The basic board game can be enhanced with expansions, and a card game also is available.\"\r\n\r\nSource: thesprucecrafts.com", "category": "Board games", "slug": "how-to-loose-all-your-friends-go-to-catan", "publish_date": "2019-10-22T21:28:47Z", "status": "published"}}, {"model": "posts.post", "pk": 17, "fields": {"title": "Why we all should play squash", "author": 1, "text": "\"Why play squash? \"You're on fire. You're chasing every ball, thriving on adrenaline as the rally goes on, enjoying banter with your mate and getting fit without thinking about it. This is sport as you've never experienced before.Whether you want to get your squash thrill back or pick up a racket for the first time, you'll find squash an exciting, indoor court-based game for all ages and abilities. All you need is a ball, a racket, a friend and a wall; and a spare lunch break.\r\n(...)\r\nA squash game lasts around 40 minutes so can fit into busy lifestyles and is a great family activity. It's relatively cheap too as leisure centre courts usually cost under 10 pounds to hire. You'll also find a thriving social scene at thousands of leisure centres and clubs who organise regular club nights, leagues and competitions.\"\r\n\r\nSource: englandsquash.com", "category": "Sport", "slug": "why-we-all-should-play-squash", "publish_date": "2019-10-23T21:38:23Z", "status": "published"}}, {"model": "posts.post", "pk": 18, "fields": {"title": "You know Zlatan?", "author": 1, "text": "Some quotes of Zlatan:\r\n1. \u201cI was like, 'No way, Zlatan doesn't do auditions'. \"I thought 'You either know me or you don't and if you don't know me you can't really want me'.\u201d\r\nOn the \u2013 apparently humiliating \u2013 prospect of a trial with Arsenal in 2000.\r\n\r\n2. \u201cOne thing is for sure, a World Cup without me is nothing to watch so it is not worthwhile to wait for the World Cup.\u201d\r\nA parting shot after the dream of captaining Sweden at a World Cup died at the hands of Portugal in a play-off three years ago.\r\n\r\n3. \"Only God knows... You\u2019re talking to him now\"\r\nBefore that tie, a reporter had asked Ibrahimovic what the outcome would be. Based on this, you\u2019d have expected him to craft a more palatable ending.\r\n\r\n4. \u201cI don't think that you can score as spectacular a goal as those of Zlatan in a video game - even though these games are very realistic these days.\"\r\nFIFA 16 and others are no match for Ibrahimovic.\r\n\r\nSource: fourfourtwo.com", "category": "Sport", "slug": "you-know-zlatan", "publish_date": "2019-10-23T23:43:15Z", "status": "published"}}, {"model": "posts.post", "pk": 19, "fields": {"title": "\"I feel the need -- the need for speed.\" Tom Cruise returns with Top Gun: Maverick", "author": 1, "text": "\"Top Gun roared back on Thursday when Tom Cruise made a surprise appearance at Comic-Con to reveal the first trailer of the much-awaited sequel to his military action film.\r\n\r\nTop Gun: Maverick, which is due for release in June 2020, sees the return of Cruise's fighter pilot avatar more than 30 years after the original movie. The original film is credited as one of the most loved films of the actor which gave him a global action star status.\r\n\r\nThe actor also took to Twitter to thank his fans for coming and watching the first trailer of his film. He wrote, \"Thank you to all the fans who came out to Hall H today. It was great to share our first trailer for Top Gun: Maverick with you all.\" \"I was always asked \"When are you going to do another one?\" Well, you've been very patient with me. I felt like it was my responsibility to really deliver for you,\" Cruise told the fans, who gathered for the annual Comic-Con movie, television and comic book event in San Diego.\r\n\r\nThe also called Top Gun \"a love letter to aviation,\" reports entertainment website Deadline. The 2-minutes-12-seconds long trailer shows Cruise wearing Pete 'Maverick' Mitchell&rsquo;s famous leather jacket, racing on a motorcycle and flying a fighter jet through a narrow snow-filled canyon. The sequel picks up decades after the 1986 box-office hit and features actor Miles Teller as the son of Anthony Edwards' pilot Goose, who is killed during a training exercise in the first movie.\r\n\r\nTop Gun: Maverick also stars Jon Hamm, Ed Harris and Val Kilmer, who reprises his rule as Maverick's rival Iceman.\"\r\n\r\nSource: news18.com", "category": "Film", "slug": "i-feel-the-need-the-need-for-speed-tom-cruise-returns-with-top-gun-maverick", "publish_date": "2019-10-24T21:44:34Z", "status": "published"}}, {"model": "admin.logentry", "pk": 1, "fields": {"action_time": "2019-10-10T13:07:57.734Z", "user": 1, "content_type": 7, "object_id": "1", "object_repr": "Welcome to the blog!", "action_flag": 1, "change_message": "[{\"added\": {}}]"}}, {"model": "admin.logentry", "pk": 2, "fields": {"action_time": "2019-10-21T13:28:49.945Z", "user": 1, "content_type": 7, "object_id": "2", "object_repr": "Being an Engineer", "action_flag": 2, "change_message": "[{\"changed\": {\"fields\": [\"slug\"]}}]"}}, {"model": "admin.logentry", "pk": 3, "fields": {"action_time": "2019-10-21T13:29:45.292Z", "user": 1, "content_type": 7, "object_id": "1", "object_repr": "Welcome to the blog!", "action_flag": 2, "change_message": "[{\"changed\": {\"fields\": [\"slug\"]}}]"}}, {"model": "admin.logentry", "pk": 4, "fields": {"action_time": "2019-10-21T13:55:51.665Z", "user": 1, "content_type": 7, "object_id": "2", "object_repr": "Being an Engineer", "action_flag": 2, "change_message": "[{\"changed\": {\"fields\": [\"status\"]}}]"}}, {"model": "admin.logentry", "pk": 5, "fields": {"action_time": "2019-10-21T13:55:58.779Z", "user": 1, "content_type": 7, "object_id": "1", "object_repr": "Welcome to the blog!", "action_flag": 2, "change_message": "[{\"changed\": {\"fields\": [\"status\"]}}]"}}, {"model": "admin.logentry", "pk": 6, "fields": {"action_time": "2019-10-21T13:56:25.334Z", "user": 1, "content_type": 7, "object_id": "2", "object_repr": "Being an Engineer", "action_flag": 2, "change_message": "[]"}}, {"model": "admin.logentry", "pk": 7, "fields": {"action_time": "2019-10-21T13:56:32.676Z", "user": 1, "content_type": 7, "object_id": "1", "object_repr": "Welcome to the blog!", "action_flag": 2, "change_message": "[{\"changed\": {\"fields\": [\"publish_date\"]}}]"}}, {"model": "admin.logentry", "pk": 8, "fields": {"action_time": "2019-10-21T14:00:28.518Z", "user": 1, "content_type": 7, "object_id": "3", "object_repr": "Another Post!", "action_flag": 1, "change_message": "[{\"added\": {}}]"}}, {"model": "admin.logentry", "pk": 9, "fields": {"action_time": "2019-10-22T17:07:07.214Z", "user": 1, "content_type": 7, "object_id": "1", "object_repr": "Welcome now!", "action_flag": 2, "change_message": "[]"}}, {"model": "admin.logentry", "pk": 10, "fields": {"action_time": "2019-10-22T17:11:36.089Z", "user": 1, "content_type": 7, "object_id": "3", "object_repr": "Another Post!", "action_flag": 2, "change_message": "[]"}}, {"model": "admin.logentry", "pk": 11, "fields": {"action_time": "2019-10-22T17:15:21.688Z", "user": 1, "content_type": 7, "object_id": "3", "object_repr": "Another Post!", "action_flag": 2, "change_message": "[]"}}, {"model": "admin.logentry", "pk": 12, "fields": {"action_time": "2019-10-22T17:15:27.409Z", "user": 1, "content_type": 7, "object_id": "3", "object_repr": "Another Post!", "action_flag": 2, "change_message": "[{\"changed\": {\"fields\": [\"status\"]}}]"}}, {"model": "admin.logentry", "pk": 13, "fields": {"action_time": "2019-10-22T19:24:52.359Z", "user": 1, "content_type": 8, "object_id": "1", "object_repr": "Comment added to Life on an Engineer! by Ana on 2019-10-22 19:24:52.359635+00:00", "action_flag": 1, "change_message": "[{\"added\": {}}]"}}, {"model": "admin.logentry", "pk": 14, "fields": {"action_time": "2019-10-22T19:25:05.757Z", "user": 1, "content_type": 8, "object_id": "2", "object_repr": "Comment added to Life on an Engineer! by Marc on 2019-10-22 19:25:05.756502+00:00", "action_flag": 1, "change_message": "[{\"added\": {}}]"}}, {"model": "admin.logentry", "pk": 15, "fields": {"action_time": "2019-10-22T19:25:13.682Z", "user": 1, "content_type": 8, "object_id": "2", "object_repr": "Comment added to Life on an Engineer! by Marc on 2019-10-22 19:25:05.756502+00:00", "action_flag": 2, "change_message": "[{\"changed\": {\"fields\": [\"active\"]}}]"}}, {"model": "admin.logentry", "pk": 16, "fields": {"action_time": "2019-10-22T19:25:16.254Z", "user": 1, "content_type": 8, "object_id": "1", "object_repr": "Comment added to Life on an Engineer! by Ana on 2019-10-22 19:24:52.359635+00:00", "action_flag": 2, "change_message": "[{\"changed\": {\"fields\": [\"active\"]}}]"}}, {"model": "admin.logentry", "pk": 17, "fields": {"action_time": "2019-10-22T19:37:28.170Z", "user": 1, "content_type": 8, "object_id": "2", "object_repr": "Comment added to Life on an Engineer! by Marc on 2019-10-22 19:25:05.756502+00:00", "action_flag": 2, "change_message": "[{\"changed\": {\"fields\": [\"active\"]}}]"}}, {"model": "admin.logentry", "pk": 18, "fields": {"action_time": "2019-10-22T20:05:04.419Z", "user": 1, "content_type": 8, "object_id": "6", "object_repr": "Comment added to Life on an Engineer! by sdasd on 2019-10-22 20:04:21.497057+00:00", "action_flag": 3, "change_message": ""}}, {"model": "admin.logentry", "pk": 19, "fields": {"action_time": "2019-10-22T20:05:04.424Z", "user": 1, "content_type": 8, "object_id": "5", "object_repr": "Comment added to Life on an Engineer! by Marc on 2019-10-22 20:04:17.611261+00:00", "action_flag": 3, "change_message": ""}}, {"model": "admin.logentry", "pk": 20, "fields": {"action_time": "2019-10-22T20:05:04.429Z", "user": 1, "content_type": 8, "object_id": "4", "object_repr": "Comment added to Life on an Engineer! by Marc on 2019-10-22 20:02:46.713824+00:00", "action_flag": 3, "change_message": ""}}, {"model": "admin.logentry", "pk": 21, "fields": {"action_time": "2019-10-22T20:05:04.433Z", "user": 1, "content_type": 8, "object_id": "3", "object_repr": "Comment added to Life on an Engineer! by Somebody on 2019-10-22 19:59:47.353471+00:00", "action_flag": 3, "change_message": ""}}, {"model": "admin.logentry", "pk": 22, "fields": {"action_time": "2019-10-22T20:05:09.377Z", "user": 1, "content_type": 8, "object_id": "2", "object_repr": "Comment added to Life on an Engineer! by Marc on 2019-10-22 19:25:05.756502+00:00", "action_flag": 2, "change_message": "[{\"changed\": {\"fields\": [\"active\"]}}]"}}, {"model": "admin.logentry", "pk": 23, "fields": {"action_time": "2019-10-22T21:59:28.831Z", "user": 1, "content_type": 7, "object_id": "4", "object_repr": "Arkanoid", "action_flag": 3, "change_message": ""}}, {"model": "admin.logentry", "pk": 24, "fields": {"action_time": "2019-10-22T21:59:28.836Z", "user": 1, "content_type": 7, "object_id": "5", "object_repr": "Arkanoid", "action_flag": 3, "change_message": ""}}, {"model": "admin.logentry", "pk": 25, "fields": {"action_time": "2019-10-22T21:59:28.841Z", "user": 1, "content_type": 7, "object_id": "6", "object_repr": "Arkanoid", "action_flag": 3, "change_message": ""}}, {"model": "admin.logentry", "pk": 26, "fields": {"action_time": "2019-10-22T21:59:28.845Z", "user": 1, "content_type": 7, "object_id": "7", "object_repr": "Arkanoid", "action_flag": 3, "change_message": ""}}, {"model": "admin.logentry", "pk": 27, "fields": {"action_time": "2019-10-22T21:59:28.849Z", "user": 1, "content_type": 7, "object_id": "8", "object_repr": "Arkanoid", "action_flag": 3, "change_message": ""}}, {"model": "admin.logentry", "pk": 28, "fields": {"action_time": "2019-10-24T17:56:59.211Z", "user": 1, "content_type": 7, "object_id": "11", "object_repr": "Latest post Sir", "action_flag": 1, "change_message": "[{\"added\": {}}]"}}, {"model": "admin.logentry", "pk": 29, "fields": {"action_time": "2019-10-24T19:20:05.122Z", "user": 1, "content_type": 7, "object_id": "1", "object_repr": "Welcome now!", "action_flag": 2, "change_message": "[{\"changed\": {\"fields\": [\"category\"]}}]"}}, {"model": "admin.logentry", "pk": 30, "fields": {"action_time": "2019-10-24T19:20:18.552Z", "user": 1, "content_type": 7, "object_id": "9", "object_repr": "Arkanoid", "action_flag": 2, "change_message": "[{\"changed\": {\"fields\": [\"category\"]}}]"}}, {"model": "admin.logentry", "pk": 31, "fields": {"action_time": "2019-10-24T19:20:21.283Z", "user": 1, "content_type": 7, "object_id": "11", "object_repr": "Latest post Sir", "action_flag": 2, "change_message": "[{\"changed\": {\"fields\": [\"category\"]}}]"}}, {"model": "admin.logentry", "pk": 32, "fields": {"action_time": "2019-10-24T19:20:24.056Z", "user": 1, "content_type": 7, "object_id": "9", "object_repr": "Arkanoid", "action_flag": 2, "change_message": "[]"}}, {"model": "admin.logentry", "pk": 33, "fields": {"action_time": "2019-10-24T19:20:30.024Z", "user": 1, "content_type": 7, "object_id": "9", "object_repr": "Arkanoid", "action_flag": 2, "change_message": "[]"}}, {"model": "admin.logentry", "pk": 34, "fields": {"action_time": "2019-10-24T19:20:33.081Z", "user": 1, "content_type": 7, "object_id": "10", "object_repr": "Insertion Sort", "action_flag": 2, "change_message": "[{\"changed\": {\"fields\": [\"category\"]}}]"}}, {"model": "admin.logentry", "pk": 35, "fields": {"action_time": "2019-10-24T19:20:35.729Z", "user": 1, "content_type": 7, "object_id": "11", "object_repr": "Latest post Sir", "action_flag": 2, "change_message": "[]"}}, {"model": "admin.logentry", "pk": 36, "fields": {"action_time": "2019-10-24T19:20:43.306Z", "user": 1, "content_type": 7, "object_id": "2", "object_repr": "Life on an Engineer!", "action_flag": 2, "change_message": "[{\"changed\": {\"fields\": [\"category\", \"tags\"]}}]"}}, {"model": "admin.logentry", "pk": 37, "fields": {"action_time": "2019-10-24T19:20:46.330Z", "user": 1, "content_type": 7, "object_id": "1", "object_repr": "Welcome now!", "action_flag": 2, "change_message": "[]"}}, {"model": "admin.logentry", "pk": 38, "fields": {"action_time": "2019-10-24T19:31:41.749Z", "user": 1, "content_type": 7, "object_id": "9", "object_repr": "Arkanoid", "action_flag": 2, "change_message": "[{\"changed\": {\"fields\": [\"publish_date\"]}}]"}}, {"model": "admin.logentry", "pk": 39, "fields": {"action_time": "2019-10-24T19:31:47.436Z", "user": 1, "content_type": 7, "object_id": "10", "object_repr": "Insertion Sort", "action_flag": 2, "change_message": "[{\"changed\": {\"fields\": [\"publish_date\"]}}]"}}, {"model": "admin.logentry", "pk": 40, "fields": {"action_time": "2019-10-24T19:31:54.094Z", "user": 1, "content_type": 7, "object_id": "11", "object_repr": "Latest post Sir", "action_flag": 2, "change_message": "[{\"changed\": {\"fields\": [\"publish_date\"]}}]"}}, {"model": "admin.logentry", "pk": 41, "fields": {"action_time": "2019-10-24T19:32:04.717Z", "user": 1, "content_type": 7, "object_id": "1", "object_repr": "Welcome now!", "action_flag": 2, "change_message": "[{\"changed\": {\"fields\": [\"publish_date\"]}}]"}}, {"model": "admin.logentry", "pk": 42, "fields": {"action_time": "2019-10-24T21:01:15.031Z", "user": 1, "content_type": 7, "object_id": "1", "object_repr": "Welcome now!", "action_flag": 3, "change_message": ""}}, {"model": "admin.logentry", "pk": 43, "fields": {"action_time": "2019-10-24T21:01:15.036Z", "user": 1, "content_type": 7, "object_id": "10", "object_repr": "Insertion Sort", "action_flag": 3, "change_message": ""}}, {"model": "admin.logentry", "pk": 44, "fields": {"action_time": "2019-10-24T21:01:15.041Z", "user": 1, "content_type": 7, "object_id": "9", "object_repr": "Arkanoid", "action_flag": 3, "change_message": ""}}, {"model": "admin.logentry", "pk": 45, "fields": {"action_time": "2019-10-24T21:01:15.046Z", "user": 1, "content_type": 7, "object_id": "2", "object_repr": "Life on an Engineer!", "action_flag": 3, "change_message": ""}}, {"model": "admin.logentry", "pk": 46, "fields": {"action_time": "2019-10-24T21:01:15.050Z", "user": 1, "content_type": 7, "object_id": "11", "object_repr": "Latest post Sir", "action_flag": 3, "change_message": ""}}, {"model": "admin.logentry", "pk": 47, "fields": {"action_time": "2019-10-24T21:09:39.134Z", "user": 1, "content_type": 7, "object_id": "12", "object_repr": "Welcome to the Coffee News!", "action_flag": 1, "change_message": "[{\"added\": {}}]"}}, {"model": "admin.logentry", "pk": 48, "fields": {"action_time": "2019-10-24T21:09:59.494Z", "user": 1, "content_type": 4, "object_id": "2", "object_repr": "ann", "action_flag": 1, "change_message": "[{\"added\": {}}]"}}, {"model": "admin.logentry", "pk": 49, "fields": {"action_time": "2019-10-24T21:16:58.128Z", "user": 1, "content_type": 7, "object_id": "13", "object_repr": "\"The Firm\" - Review!", "action_flag": 1, "change_message": "[{\"added\": {}}]"}}, {"model": "admin.logentry", "pk": 50, "fields": {"action_time": "2019-10-24T21:17:11.510Z", "user": 1, "content_type": 7, "object_id": "13", "object_repr": "\"The Firm\" - Review!", "action_flag": 2, "change_message": "[{\"changed\": {\"fields\": [\"publish_date\"]}}]"}}, {"model": "admin.logentry", "pk": 51, "fields": {"action_time": "2019-10-24T21:23:05.003Z", "user": 1, "content_type": 7, "object_id": "14", "object_repr": "\"Interstellar may be drifting a million miles out in the void, but it knows exactly where it's going.\"", "action_flag": 1, "change_message": "[{\"added\": {}}]"}}, {"model": "admin.logentry", "pk": 52, "fields": {"action_time": "2019-10-24T21:23:09.333Z", "user": 1, "content_type": 7, "object_id": "13", "object_repr": "\"The Firm\" - Review!", "action_flag": 2, "change_message": "[]"}}, {"model": "admin.logentry", "pk": 53, "fields": {"action_time": "2019-10-24T21:23:36.031Z", "user": 1, "content_type": 7, "object_id": "12", "object_repr": "Welcome to the Coffee News!", "action_flag": 2, "change_message": "[{\"changed\": {\"fields\": [\"tags\"]}}]"}}, {"model": "admin.logentry", "pk": 54, "fields": {"action_time": "2019-10-24T21:27:47.927Z", "user": 1, "content_type": 7, "object_id": "15", "object_repr": "Why Mass Effect 3 is not worth ending", "action_flag": 1, "change_message": "[{\"added\": {}}]"}}, {"model": "admin.logentry", "pk": 55, "fields": {"action_time": "2019-10-24T21:27:55.849Z", "user": 1, "content_type": 7, "object_id": "15", "object_repr": "Why Mass Effect 3 is not worth ending", "action_flag": 2, "change_message": "[{\"changed\": {\"fields\": [\"tags\"]}}]"}}, {"model": "admin.logentry", "pk": 56, "fields": {"action_time": "2019-10-24T21:30:29.996Z", "user": 1, "content_type": 7, "object_id": "16", "object_repr": "How to loose all your friends - Catan in 2019", "action_flag": 1, "change_message": "[{\"added\": {}}]"}}, {"model": "admin.logentry", "pk": 57, "fields": {"action_time": "2019-10-24T21:39:25.248Z", "user": 1, "content_type": 7, "object_id": "17", "object_repr": "Why we all should play squash", "action_flag": 1, "change_message": "[{\"added\": {}}]"}}, {"model": "admin.logentry", "pk": 58, "fields": {"action_time": "2019-10-24T21:40:32.860Z", "user": 1, "content_type": 7, "object_id": "17", "object_repr": "Why we all should play squash", "action_flag": 2, "change_message": "[{\"changed\": {\"fields\": [\"text\", \"category\"]}}]"}}, {"model": "admin.logentry", "pk": 59, "fields": {"action_time": "2019-10-24T21:44:30.494Z", "user": 1, "content_type": 7, "object_id": "18", "object_repr": "You know Zlatan?", "action_flag": 1, "change_message": "[{\"added\": {}}]"}}, {"model": "admin.logentry", "pk": 60, "fields": {"action_time": "2019-10-24T21:47:36.555Z", "user": 1, "content_type": 7, "object_id": "19", "object_repr": "\"I feel the need -- the need for speed.\" Tom Cruise returns with Top Gun: Maverick", "action_flag": 1, "change_message": "[{\"added\": {}}]"}}, {"model": "admin.logentry", "pk": 61, "fields": {"action_time": "2019-10-24T21:49:01.668Z", "user": 1, "content_type": 7, "object_id": "19", "object_repr": "\"I feel the need -- the need for speed.\" Tom Cruise returns with Top Gun: Maverick", "action_flag": 2, "change_message": "[{\"changed\": {\"fields\": [\"text\"]}}]"}}, {"model": "admin.logentry", "pk": 62, "fields": {"action_time": "2019-10-24T21:56:19.601Z", "user": 1, "content_type": 9, "object_id": "12", "object_repr": "RPG", "action_flag": 3, "change_message": ""}}, {"model": "admin.logentry", "pk": 63, "fields": {"action_time": "2019-10-24T21:56:19.606Z", "user": 1, "content_type": 9, "object_id": "7", "object_repr": "programming", "action_flag": 3, "change_message": ""}}, {"model": "admin.logentry", "pk": 64, "fields": {"action_time": "2019-10-24T21:57:36.577Z", "user": 1, "content_type": 9, "object_id": "1", "object_repr": "politics", "action_flag": 3, "change_message": ""}}, {"model": "admin.logentry", "pk": 65, "fields": {"action_time": "2019-10-24T21:57:36.582Z", "user": 1, "content_type": 9, "object_id": "2", "object_repr": "trump", "action_flag": 3, "change_message": ""}}, {"model": "admin.logentry", "pk": 66, "fields": {"action_time": "2019-10-24T22:06:50.238Z", "user": 1, "content_type": 7, "object_id": "12", "object_repr": "Welcome to the Coffee News!", "action_flag": 2, "change_message": "[{\"changed\": {\"fields\": [\"text\"]}}]"}}, {"model": "admin.logentry", "pk": 67, "fields": {"action_time": "2019-10-24T22:07:03.228Z", "user": 1, "content_type": 7, "object_id": "13", "object_repr": "\"The Firm\" - Review!", "action_flag": 2, "change_message": "[{\"changed\": {\"fields\": [\"text\"]}}]"}}, {"model": "admin.logentry", "pk": 68, "fields": {"action_time": "2019-10-24T22:07:16.320Z", "user": 1, "content_type": 7, "object_id": "14", "object_repr": "\"Interstellar may be drifting a million miles out in the void, but it knows exactly where it's going.\"", "action_flag": 2, "change_message": "[{\"changed\": {\"fields\": [\"text\"]}}]"}}, {"model": "admin.logentry", "pk": 69, "fields": {"action_time": "2019-10-24T22:10:44.285Z", "user": 1, "content_type": 7, "object_id": "16", "object_repr": "How to loose all your friends - Catan in 2019", "action_flag": 2, "change_message": "[{\"changed\": {\"fields\": [\"text\", \"category\"]}}]"}}, {"model": "admin.logentry", "pk": 70, "fields": {"action_time": "2019-10-24T22:10:52.575Z", "user": 1, "content_type": 7, "object_id": "12", "object_repr": "Welcome to the Coffee News!", "action_flag": 2, "change_message": "[{\"changed\": {\"fields\": [\"category\"]}}]"}}, {"model": "admin.logentry", "pk": 71, "fields": {"action_time": "2019-10-28T08:11:02.482Z", "user": 1, "content_type": 7, "object_id": "16", "object_repr": "How to loose all your friends - Catan", "action_flag": 2, "change_message": "[{\"changed\": {\"fields\": [\"title\"]}}]"}}, {"model": "admin.logentry", "pk": 72, "fields": {"action_time": "2019-10-28T14:45:20.422Z", "user": 1, "content_type": 9, "object_id": "4", "object_repr": "hello", "action_flag": 3, "change_message": ""}}, {"model": "admin.logentry", "pk": 73, "fields": {"action_time": "2019-10-28T18:31:11.115Z", "user": 1, "content_type": 7, "object_id": "16", "object_repr": "How to loose all your friends: go to Catan", "action_flag": 2, "change_message": "[{\"changed\": {\"fields\": [\"title\", \"text\", \"tags\"]}}]"}}, {"model": "admin.logentry", "pk": 74, "fields": {"action_time": "2019-10-28T18:31:51.498Z", "user": 1, "content_type": 7, "object_id": "18", "object_repr": "You know Zlatan?", "action_flag": 2, "change_message": "[{\"changed\": {\"fields\": [\"text\"]}}]"}}, {"model": "admin.logentry", "pk": 75, "fields": {"action_time": "2019-10-28T18:32:03.202Z", "user": 1, "content_type": 7, "object_id": "16", "object_repr": "How to loose all your friends: go to Catan", "action_flag": 2, "change_message": "[{\"changed\": {\"fields\": [\"text\"]}}]"}}, {"model": "admin.logentry", "pk": 76, "fields": {"action_time": "2019-10-28T18:33:08.740Z", "user": 1, "content_type": 7, "object_id": "19", "object_repr": "\"I feel the need -- the need for speed.\" Tom Cruise returns with Top Gun: Maverick", "action_flag": 2, "change_message": "[{\"changed\": {\"fields\": [\"text\", \"tags\"]}}]"}}, {"model": "admin.logentry", "pk": 77, "fields": {"action_time": "2019-10-28T18:33:38.695Z", "user": 1, "content_type": 7, "object_id": "17", "object_repr": "Why we all should play squash", "action_flag": 2, "change_message": "[{\"changed\": {\"fields\": [\"text\"]}}]"}}, {"model": "admin.logentry", "pk": 78, "fields": {"action_time": "2019-10-28T18:34:15.870Z", "user": 1, "content_type": 7, "object_id": "15", "object_repr": "Why Mass Effect 3 is not worth ending", "action_flag": 2, "change_message": "[{\"changed\": {\"fields\": [\"text\", \"tags\"]}}]"}}, {"model": "admin.logentry", "pk": 79, "fields": {"action_time": "2019-10-28T18:34:41.544Z", "user": 1, "content_type": 7, "object_id": "14", "object_repr": "\"Interstellar may be drifting a million miles out in the void, but it knows exactly where it's going.\"", "action_flag": 2, "change_message": "[{\"changed\": {\"fields\": [\"text\"]}}]"}}, {"model": "admin.logentry", "pk": 80, "fields": {"action_time": "2019-10-28T18:36:01.794Z", "user": 1, "content_type": 7, "object_id": "13", "object_repr": "\"The Firm\" - Review!", "action_flag": 2, "change_message": "[{\"changed\": {\"fields\": [\"text\"]}}]"}}, {"model": "admin.logentry", "pk": 81, "fields": {"action_time": "2019-10-28T18:36:15.477Z", "user": 1, "content_type": 7, "object_id": "13", "object_repr": "\"The Firm\" - Review!", "action_flag": 2, "change_message": "[{\"changed\": {\"fields\": [\"text\"]}}]"}}, {"model": "admin.logentry", "pk": 82, "fields": {"action_time": "2019-10-28T18:36:24.791Z", "user": 1, "content_type": 7, "object_id": "12", "object_repr": "Welcome to the Coffee News!", "action_flag": 2, "change_message": "[]"}}, {"model": "admin.logentry", "pk": 83, "fields": {"action_time": "2019-10-28T18:36:37.091Z", "user": 1, "content_type": 7, "object_id": "19", "object_repr": "\"I feel the need -- the need for speed.\" Tom Cruise returns with Top Gun: Maverick", "action_flag": 2, "change_message": "[{\"changed\": {\"fields\": [\"text\"]}}]"}}, {"model": "admin.logentry", "pk": 84, "fields": {"action_time": "2019-10-28T18:36:43.782Z", "user": 1, "content_type": 7, "object_id": "16", "object_repr": "How to loose all your friends: go to Catan", "action_flag": 2, "change_message": "[]"}}, {"model": "admin.logentry", "pk": 85, "fields": {"action_time": "2019-10-28T18:36:49.075Z", "user": 1, "content_type": 7, "object_id": "18", "object_repr": "You know Zlatan?", "action_flag": 2, "change_message": "[]"}}, {"model": "admin.logentry", "pk": 86, "fields": {"action_time": "2019-10-28T18:37:03.288Z", "user": 1, "content_type": 7, "object_id": "17", "object_repr": "Why we all should play squash", "action_flag": 2, "change_message": "[{\"changed\": {\"fields\": [\"text\"]}}]"}}, {"model": "admin.logentry", "pk": 87, "fields": {"action_time": "2019-10-28T18:37:16.332Z", "user": 1, "content_type": 7, "object_id": "15", "object_repr": "Why Mass Effect 3 is not worth ending", "action_flag": 2, "change_message": "[{\"changed\": {\"fields\": [\"text\"]}}]"}}, {"model": "admin.logentry", "pk": 88, "fields": {"action_time": "2019-10-28T18:37:25.314Z", "user": 1, "content_type": 7, "object_id": "15", "object_repr": "Why Mass Effect 3 is not worth ending", "action_flag": 2, "change_message": "[]"}}, {"model": "admin.logentry", "pk": 89, "fields": {"action_time": "2019-10-28T18:37:29.086Z", "user": 1, "content_type": 7, "object_id": "14", "object_repr": "\"Interstellar may be drifting a million miles out in the void, but it knows exactly where it's going.\"", "action_flag": 2, "change_message": "[]"}}, {"model": "admin.logentry", "pk": 90, "fields": {"action_time": "2019-10-28T18:37:33.183Z", "user": 1, "content_type": 7, "object_id": "13", "object_repr": "\"The Firm\" - Review!", "action_flag": 2, "change_message": "[]"}}, {"model": "admin.logentry", "pk": 91, "fields": {"action_time": "2019-10-28T18:40:21.931Z", "user": 1, "content_type": 7, "object_id": "12", "object_repr": "Welcome to the Coffee News!", "action_flag": 2, "change_message": "[{\"changed\": {\"fields\": [\"text\"]}}]"}}, {"model": "admin.logentry", "pk": 92, "fields": {"action_time": "2019-10-28T18:40:44.185Z", "user": 1, "content_type": 7, "object_id": "13", "object_repr": "\"The Firm\" - Review!", "action_flag": 2, "change_message": "[{\"changed\": {\"fields\": [\"text\"]}}]"}}, {"model": "admin.logentry", "pk": 93, "fields": {"action_time": "2019-10-28T18:41:17.898Z", "user": 1, "content_type": 7, "object_id": "13", "object_repr": "\"The Firm\" - Review!", "action_flag": 2, "change_message": "[{\"changed\": {\"fields\": [\"text\"]}}]"}}, {"model": "admin.logentry", "pk": 94, "fields": {"action_time": "2019-10-28T18:53:23.712Z", "user": 1, "content_type": 7, "object_id": "13", "object_repr": "\"The Firm\" - Review!", "action_flag": 2, "change_message": "[{\"changed\": {\"fields\": [\"text\"]}}]"}}, {"model": "admin.logentry", "pk": 95, "fields": {"action_time": "2019-10-28T18:57:21.559Z", "user": 1, "content_type": 7, "object_id": "13", "object_repr": "\"The Firm\" - Review!", "action_flag": 2, "change_message": "[{\"changed\": {\"fields\": [\"text\"]}}]"}}, {"model": "admin.logentry", "pk": 96, "fields": {"action_time": "2019-10-28T19:03:32.654Z", "user": 1, "content_type": 7, "object_id": "13", "object_repr": "\"The Firm\" - Review!", "action_flag": 2, "change_message": "[{\"changed\": {\"fields\": [\"text\"]}}]"}}, {"model": "admin.logentry", "pk": 97, "fields": {"action_time": "2019-10-28T19:05:48.291Z", "user": 1, "content_type": 7, "object_id": "19", "object_repr": "\"I feel the need -- the need for speed.\" Tom Cruise returns with Top Gun: Maverick", "action_flag": 2, "change_message": "[{\"changed\": {\"fields\": [\"text\"]}}]"}}, {"model": "admin.logentry", "pk": 98, "fields": {"action_time": "2019-10-28T19:06:30.491Z", "user": 1, "content_type": 7, "object_id": "16", "object_repr": "How to loose all your friends: go to Catan", "action_flag": 2, "change_message": "[{\"changed\": {\"fields\": [\"text\"]}}]"}}, {"model": "admin.logentry", "pk": 99, "fields": {"action_time": "2019-10-28T19:12:52.725Z", "user": 1, "content_type": 7, "object_id": "18", "object_repr": "You know Zlatan?", "action_flag": 2, "change_message": "[{\"changed\": {\"fields\": [\"text\"]}}]"}}, {"model": "admin.logentry", "pk": 100, "fields": {"action_time": "2019-10-28T19:14:44.081Z", "user": 1, "content_type": 7, "object_id": "17", "object_repr": "Why we all should play squash", "action_flag": 2, "change_message": "[{\"changed\": {\"fields\": [\"text\"]}}]"}}, {"model": "admin.logentry", "pk": 101, "fields": {"action_time": "2019-10-28T19:15:20.844Z", "user": 1, "content_type": 7, "object_id": "15", "object_repr": "Why Mass Effect 3 is not worth ending", "action_flag": 2, "change_message": "[{\"changed\": {\"fields\": [\"text\"]}}]"}}, {"model": "admin.logentry", "pk": 102, "fields": {"action_time": "2019-10-28T19:16:38.356Z", "user": 1, "content_type": 7, "object_id": "14", "object_repr": "\"Interstellar may be drifting a million miles out in the void, but it knows exactly where it's going.\"", "action_flag": 2, "change_message": "[{\"changed\": {\"fields\": [\"text\"]}}]"}}, {"model": "admin.logentry", "pk": 103, "fields": {"action_time": "2019-10-28T19:16:47.863Z", "user": 1, "content_type": 7, "object_id": "13", "object_repr": "\"The Firm\" - Review!", "action_flag": 2, "change_message": "[]"}}, {"model": "admin.logentry", "pk": 104, "fields": {"action_time": "2019-10-28T19:16:52.749Z", "user": 1, "content_type": 7, "object_id": "12", "object_repr": "Welcome to the Coffee News!", "action_flag": 2, "change_message": "[]"}}, {"model": "admin.logentry", "pk": 105, "fields": {"action_time": "2019-10-28T19:18:29.921Z", "user": 1, "content_type": 7, "object_id": "16", "object_repr": "How to loose all your friends: go to Catan", "action_flag": 2, "change_message": "[{\"changed\": {\"fields\": [\"publish_date\"]}}]"}}, {"model": "admin.logentry", "pk": 106, "fields": {"action_time": "2019-10-28T19:32:21.835Z", "user": 1, "content_type": 7, "object_id": "15", "object_repr": "Why Mass Effect 3 is not worth ending", "action_flag": 2, "change_message": "[{\"changed\": {\"fields\": [\"publish_date\"]}}]"}}, {"model": "admin.logentry", "pk": 107, "fields": {"action_time": "2020-03-03T07:44:17.937Z", "user": 1, "content_type": 4, "object_id": "1", "object_repr": "testadmin", "action_flag": 2, "change_message": "[{\"changed\": {\"fields\": [\"username\"]}}]"}}, {"model": "admin.logentry", "pk": 108, "fields": {"action_time": "2020-03-03T07:44:35.912Z", "user": 1, "content_type": 4, "object_id": "2", "object_repr": "testuser", "action_flag": 2, "change_message": "[{\"changed\": {\"fields\": [\"username\"]}}]"}}, {"model": "admin.logentry", "pk": 109, "fields": {"action_time": "2020-03-03T07:45:01.034Z", "user": 1, "content_type": 4, "object_id": "2", "object_repr": "testuser", "action_flag": 2, "change_message": "[{\"changed\": {\"fields\": [\"password\"]}}]"}}, {"model": "admin.logentry", "pk": 110, "fields": {"action_time": "2020-03-03T07:45:15.022Z", "user": 1, "content_type": 4, "object_id": "2", "object_repr": "testuser", "action_flag": 2, "change_message": "[{\"changed\": {\"fields\": [\"password\"]}}]"}}, {"model": "admin.logentry", "pk": 111, "fields": {"action_time": "2020-03-03T07:45:19.077Z", "user": 1, "content_type": 4, "object_id": "2", "object_repr": "testuser", "action_flag": 2, "change_message": "[]"}}, {"model": "admin.logentry", "pk": 112, "fields": {"action_time": "2020-03-03T07:45:30.087Z", "user": 1, "content_type": 4, "object_id": "1", "object_repr": "testadmin", "action_flag": 2, "change_message": "[{\"changed\": {\"fields\": [\"password\"]}}]"}}]